id,terrestrial_date,ls,month,min_temp,pressure
2,2012-08-16,155,6,-75.0,739.0
13,2012-08-17,156,6,-76.0,740.0
24,2012-08-18,156,6,-76.0,741.0
35,2012-08-19,157,6,-74.0,732.0
46,2012-08-20,157,6,-74.0,740.0
57,2012-08-21,158,6,-78.0,740.0
68,2012-08-22,158,6,-77.0,740.0
79,2012-08-23,159,6,-76.0,742.0
112,2012-08-27,161,6,-74.0,741.0
114,2012-08-28,162,6,-74.0,742.0
123,2012-08-29,162,6,-75.0,741.0
134,2012-08-30,163,6,-75.0,742.0
145,2012-08-31,163,6,-75.0,743.0
156,2012-09-01,164,6,-76.0,745.0
163,2012-09-02,164,6,-75.0,743.0
170,2012-09-03,165,6,-75.0,745.0
171,2012-09-04,166,6,-75.0,747.0
172,2012-09-05,166,6,-74.0,747.0
173,2012-09-06,167,6,-74.0,745.0
175,2012-09-08,168,6,-73.0,748.0
176,2012-09-10,168,6,-73.0,748.0
177,2012-09-11,169,6,-73.0,749.0
178,2012-09-12,169,6,-73.0,750.0
179,2012-09-13,170,6,-73.0,750.0
180,2012-09-14,171,6,-73.0,750.0
181,2012-09-15,171,6,-75.0,751.0
182,2012-09-16,172,6,-75.0,753.0
183,2012-09-17,172,6,-75.0,753.0
184,2012-09-18,173,6,-75.0,754.0
185,2012-09-19,173,6,-74.0,756.0
186,2012-09-20,174,6,-75.0,757.0
187,2012-09-21,175,6,-74.0,758.0
188,2012-09-22,175,6,-74.0,758.0
189,2012-09-23,176,6,-75.0,758.0
190,2012-09-24,176,6,-75.0,759.0
191,2012-09-25,177,6,-74.0,761.0
192,2012-09-26,177,6,-72.0,761.0
193,2012-09-27,178,6,-76.0,762.0
194,2012-09-28,179,6,-74.0,762.0
195,2012-09-29,179,6,-71.0,764.0
196,2012-09-30,180,7,-72.0,766.0
197,2012-10-01,180,7,-74.0,766.0
198,2012-10-02,181,7,-73.0,768.0
199,2012-10-03,181,7,-73.0,769.0
200,2012-10-04,182,7,-74.0,769.0
201,2012-10-05,183,7,-76.0,771.0
202,2012-10-06,183,7,-75.0,772.0
203,2012-10-07,184,7,-72.0,772.0
204,2012-10-08,184,7,-72.0,774.0
205,2012-10-09,185,7,-73.0,775.0
206,2012-10-10,186,7,-74.0,776.0
207,2012-10-11,186,7,-72.0,777.0
208,2012-10-12,187,7,-73.0,778.0
209,2012-10-13,187,7,-73.0,780.0
210,2012-10-14,188,7,-71.0,781.0
211,2012-10-15,189,7,-73.0,778.0
212,2012-10-17,189,7,-72.0,783.0
213,2012-10-18,190,7,-71.0,784.0
214,2012-10-19,190,7,-73.0,785.0
215,2012-10-20,191,7,-70.0,788.0
216,2012-10-21,192,7,-72.0,790.0
217,2012-10-22,192,7,-73.0,791.0
218,2012-10-23,193,7,-73.0,792.0
219,2012-10-24,193,7,-71.0,792.0
220,2012-10-25,194,7,-71.0,793.0
221,2012-10-26,195,7,-73.0,795.0
222,2012-10-27,195,7,-70.0,796.0
223,2012-10-28,196,7,-72.0,798.0
224,2012-10-29,196,7,-72.0,799.0
225,2012-10-30,197,7,-72.0,801.0
226,2012-10-31,198,7,-70.0,801.0
227,2012-11-01,198,7,-71.0,805.0
228,2012-11-02,199,7,-71.0,808.0
229,2012-11-03,199,7,-70.0,808.0
230,2012-11-04,200,7,-70.0,811.0
231,2012-11-05,201,7,-73.0,813.0
233,2012-11-06,201,7,-71.0,813.0
234,2012-11-07,202,7,-74.0,817.0
235,2012-11-08,202,7,-74.0,820.0
236,2012-11-09,203,7,-72.0,819.0
237,2012-11-10,204,7,-70.0,822.0
238,2012-11-11,204,7,-68.0,822.0
239,2012-11-12,205,7,-71.0,826.0
240,2012-11-13,206,7,-68.0,828.0
241,2012-11-14,206,7,-68.0,828.0
242,2012-11-15,207,7,-68.0,829.0
3,2012-11-16,207,7,-66.0,829.0
4,2012-11-17,208,7,-65.0,830.0
5,2012-11-18,209,7,-67.0,833.0
6,2012-11-19,209,7,-66.0,836.0
7,2012-11-20,210,8,-67.0,838.0
8,2012-11-21,211,8,-66.0,839.0
9,2012-11-23,211,8,-66.0,841.0
10,2012-11-24,212,8,-66.0,844.0
11,2012-11-25,212,8,-65.0,845.0
12,2012-11-26,213,8,-64.0,844.0
14,2012-11-27,214,8,-65.0,848.0
15,2012-11-28,214,8,-66.0,849.0
16,2012-11-29,215,8,-65.0,852.0
17,2012-11-30,216,8,-66.0,857.0
18,2012-12-01,216,8,-69.0,857.0
19,2012-12-02,217,8,-66.0,857.0
20,2012-12-03,217,8,-67.0,859.0
21,2012-12-04,218,8,-66.0,861.0
22,2012-12-05,219,8,-65.0,864.0
23,2012-12-06,219,8,-66.0,866.0
25,2012-12-07,220,8,-67.0,867.0
26,2012-12-08,221,8,-66.0,869.0
27,2012-12-09,221,8,-65.0,869.0
28,2012-12-10,222,8,-66.0,875.0
29,2012-12-11,223,8,-66.0,876.0
30,2012-12-12,223,8,-68.0,880.0
31,2012-12-13,224,8,-66.0,880.0
32,2012-12-14,224,8,-67.0,884.0
33,2012-12-15,225,8,-67.0,883.0
34,2012-12-16,226,8,-65.0,886.0
36,2012-12-17,226,8,-65.0,888.0
37,2012-12-18,227,8,-65.0,889.0
38,2012-12-19,228,8,-65.0,890.0
39,2012-12-20,228,8,-65.0,891.0
40,2012-12-21,229,8,-67.0,893.0
41,2012-12-22,230,8,-65.0,894.0
42,2012-12-23,230,8,-65.0,897.0
43,2012-12-24,231,8,-64.0,896.0
44,2012-12-25,232,8,-65.0,899.0
45,2012-12-26,232,8,-66.0,899.0
47,2012-12-27,233,8,-66.0,903.0
48,2012-12-28,233,8,-64.0,904.0
49,2012-12-29,234,8,-65.0,906.0
50,2012-12-31,235,8,-63.0,908.0
51,2013-01-01,235,8,-64.0,907.0
52,2013-01-02,236,8,-64.0,909.0
53,2013-01-03,237,8,-65.0,908.0
54,2013-01-04,237,8,-65.0,914.0
55,2013-01-05,238,8,-65.0,912.0
56,2013-01-06,239,8,-65.0,914.0
58,2013-01-07,239,8,-64.0,913.0
59,2013-01-08,240,9,-65.0,915.0
60,2013-01-09,241,9,-63.0,914.0
61,2013-01-10,241,9,-65.0,915.0
62,2013-01-11,242,9,-65.0,917.0
63,2013-01-12,243,9,-64.0,917.0
64,2013-01-13,243,9,-65.0,922.0
65,2013-01-14,244,9,-64.0,920.0
66,2013-01-15,245,9,-66.0,922.0
67,2013-01-16,245,9,-65.0,918.0
69,2013-01-17,246,9,-67.0,919.0
70,2013-01-18,246,9,-65.0,919.0
71,2013-01-19,247,9,-65.0,919.0
72,2013-01-20,248,9,-65.0,919.0
73,2013-01-21,248,9,-64.0,919.0
74,2013-01-22,249,9,-65.0,922.0
75,2013-01-23,250,9,-65.0,922.0
76,2013-01-24,250,9,-65.0,920.0
77,2013-01-25,251,9,-66.0,923.0
78,2013-01-26,252,9,-66.0,922.0
80,2013-01-27,252,9,-66.0,925.0
81,2013-01-28,253,9,-67.0,925.0
82,2013-01-29,254,9,-67.0,923.0
83,2013-01-30,254,9,-67.0,920.0
84,2013-01-31,255,9,-67.0,921.0
85,2013-02-01,256,9,-68.0,921.0
86,2013-02-02,256,9,-67.0,920.0
87,2013-02-03,257,9,-66.0,921.0
88,2013-02-04,258,9,-66.0,920.0
89,2013-02-06,258,9,-66.0,920.0
91,2013-02-07,259,9,-67.0,919.0
92,2013-02-08,260,9,-67.0,918.0
93,2013-02-09,260,9,-67.0,921.0
94,2013-02-10,261,9,-67.0,921.0
95,2013-02-11,261,9,-67.0,923.0
96,2013-02-12,262,9,-67.0,923.0
97,2013-02-13,263,9,-66.0,922.0
98,2013-02-14,263,9,-67.0,921.0
99,2013-02-15,264,9,-68.0,920.0
100,2013-02-16,265,9,-68.0,920.0
102,2013-02-17,265,9,-66.0,917.0
103,2013-02-18,266,9,-67.0,921.0
106,2013-02-23,269,9,-66.0,916.0
107,2013-02-24,270,10,-68.0,915.0
108,2013-02-25,271,10,-67.0,914.0
109,2013-02-26,271,10,-66.0,917.0
116,2013-03-23,287,10,-71.0,895.0
117,2013-03-24,287,10,-69.0,894.0
118,2013-03-25,288,10,-71.0,894.0
119,2013-03-26,288,10,-70.0,894.0
120,2013-03-27,289,10,-70.0,892.0
121,2013-03-28,290,10,-71.0,894.0
122,2013-03-29,290,10,-69.0,894.0
124,2013-03-30,291,10,-69.0,888.0
125,2013-03-31,292,10,-71.0,890.0
126,2013-04-01,292,10,-69.0,888.0
127,2013-04-02,293,10,-69.0,889.0
128,2013-04-03,293,10,-69.0,890.0
129,2013-04-04,294,10,-70.0,886.0
130,2013-04-05,295,10,-72.0,886.0
131,2013-04-06,295,10,-71.0,883.0
132,2013-04-07,296,10,-70.0,885.0
133,2013-04-08,297,10,-73.0,885.0
135,2013-04-09,297,10,-70.0,884.0
136,2013-04-10,298,10,-72.0,884.0
137,2013-04-11,298,10,-70.0,881.0
138,2013-04-12,299,10,-71.0,884.0
139,2013-04-13,300,11,-69.0,878.0
140,2013-04-14,300,11,-70.0,879.0
141,2013-04-15,301,11,-73.0,878.0
142,2013-04-16,301,11,-71.0,873.0
143,2013-04-17,302,11,-70.0,877.0
144,2013-04-18,303,11,-69.0,873.0
146,2013-04-19,303,11,-70.0,877.0
147,2013-04-20,304,11,-71.0,876.0
148,2013-04-22,304,11,-71.0,874.0
149,2013-04-23,305,11,-71.0,877.0
150,2013-04-24,306,11,-70.0,871.0
151,2013-04-25,306,11,-69.0,877.0
152,2013-04-26,307,11,-70.0,871.0
153,2013-04-27,308,11,-70.0,871.0
154,2013-04-28,308,11,-71.0,869.0
155,2013-04-29,309,11,-72.0,871.0
157,2013-04-30,309,11,-70.0,875.0
158,2013-05-01,310,11,-70.0,868.0
161,2013-05-08,314,11,-70.0,864.0
162,2013-05-09,315,11,-72.0,866.0
164,2013-05-10,315,11,-67.0,863.0
165,2013-05-11,316,11,-69.0,864.0
166,2013-05-12,316,11,-71.0,864.0
167,2013-05-13,317,11,-70.0,861.0
168,2013-05-14,318,11,-70.0,861.0
169,2013-05-15,318,11,-67.0,860.0
244,2013-05-16,319,11,-69.0,858.0
245,2013-05-17,319,11,-69.0,857.0
246,2013-05-18,320,11,-67.0,855.0
247,2013-05-19,321,11,-68.0,856.0
248,2013-05-20,321,11,-69.0,856.0
249,2013-05-21,322,11,-68.0,855.0
250,2013-05-22,322,11,-72.0,856.0
251,2013-05-23,323,11,-68.0,854.0
252,2013-05-24,323,11,-71.0,854.0
253,2013-05-25,324,11,-70.0,852.0
254,2013-05-26,325,11,-71.0,854.0
255,2013-05-27,325,11,-72.0,856.0
256,2013-05-29,326,11,-69.0,854.0
257,2013-05-30,326,11,-71.0,854.0
258,2013-05-31,327,11,-71.0,853.0
259,2013-06-01,327,11,-70.0,853.0
260,2013-06-02,328,11,-71.0,853.0
261,2013-06-03,329,11,-72.0,850.0
262,2013-06-04,329,11,-72.0,852.0
263,2013-06-05,330,12,-71.0,853.0
264,2013-06-06,330,12,-71.0,850.0
265,2013-06-07,331,12,-72.0,849.0
266,2013-06-08,331,12,-72.0,850.0
267,2013-06-09,332,12,-71.0,849.0
286,2013-06-10,333,12,-72.0,852.0
276,2013-06-11,333,12,-73.0,852.0
287,2013-06-12,334,12,-71.0,850.0
283,2013-06-13,334,12,-71.0,849.0
281,2013-06-14,335,12,-70.0,848.0
275,2013-06-15,335,12,-71.0,847.0
280,2013-06-16,336,12,-71.0,848.0
279,2013-06-17,336,12,-72.0,851.0
282,2013-06-18,337,12,-73.0,850.0
284,2013-06-19,338,12,-72.0,848.0
278,2013-06-20,338,12,-71.0,849.0
277,2013-06-21,339,12,-74.0,846.0
285,2013-06-22,339,12,-71.0,845.0
274,2013-06-23,340,12,-77.0,849.0
272,2013-06-24,340,12,-73.0,848.0
273,2013-06-25,341,12,-74.0,850.0
288,2013-06-26,341,12,-74.0,851.0
268,2013-06-27,342,12,-72.0,849.0
270,2013-06-28,342,12,-74.0,849.0
271,2013-06-29,343,12,-73.0,847.0
269,2013-06-30,344,12,-74.0,846.0
289,2013-07-01,344,12,-75.0,847.0
291,2013-07-02,345,12,-74.0,849.0
290,2013-07-03,345,12,-74.0,847.0
292,2013-07-04,346,12,-75.0,850.0
294,2013-07-06,346,12,-74.0,847.0
295,2013-07-07,347,12,-72.0,848.0
296,2013-07-08,347,12,-74.0,848.0
293,2013-07-09,348,12,-75.0,847.0
298,2013-07-10,348,12,-74.0,847.0
297,2013-07-11,349,12,-75.0,848.0
303,2013-07-12,349,12,-74.0,848.0
300,2013-07-13,350,12,-76.0,849.0
299,2013-07-14,350,12,-75.0,849.0
301,2013-07-15,351,12,-74.0,852.0
302,2013-07-16,352,12,-76.0,852.0
305,2013-07-17,352,12,-76.0,852.0
304,2013-07-18,353,12,-75.0,853.0
306,2013-07-19,353,12,-78.0,848.0
308,2013-07-20,354,12,-76.0,849.0
307,2013-07-21,354,12,-76.0,851.0
310,2013-07-22,355,12,-77.0,852.0
309,2013-07-23,355,12,-76.0,851.0
311,2013-07-24,356,12,-77.0,850.0
317,2013-07-25,356,12,-77.0,851.0
312,2013-07-26,357,12,-77.0,853.0
314,2013-07-27,357,12,-76.0,853.0
313,2013-07-28,358,12,-77.0,851.0
315,2013-07-29,358,12,-74.0,850.0
316,2013-07-30,359,12,-75.0,852.0
318,2013-07-31,359,12,-76.0,853.0
320,2013-08-01,0,1,-75.0,853.0
319,2013-08-02,0,1,-77.0,854.0
323,2013-08-03,1,1,-75.0,855.0
322,2013-08-04,1,1,-75.0,857.0
321,2013-08-05,2,1,-75.0,857.0
324,2013-08-06,2,1,-77.0,856.0
325,2013-08-07,3,1,-76.0,857.0
326,2013-08-17,7,1,-76.0,861.0
328,2013-08-18,8,1,-76.0,862.0
330,2013-08-19,8,1,-77.0,863.0
331,2013-08-20,9,1,-75.0,865.0
332,2013-08-21,9,1,-79.0,865.0
333,2013-08-22,10,1,-77.0,865.0
334,2013-08-23,10,1,-76.0,866.0
335,2013-08-24,11,1,-79.0,866.0
337,2013-08-25,11,1,-79.0,866.0
336,2013-08-26,12,1,-77.0,867.0
340,2013-08-27,12,1,-78.0,870.0
338,2013-08-28,13,1,-78.0,870.0
339,2013-08-29,13,1,-78.0,869.0
341,2013-08-30,14,1,-79.0,870.0
343,2013-08-31,14,1,-79.0,870.0
345,2013-09-01,15,1,-79.0,871.0
344,2013-09-02,15,1,-76.0,872.0
342,2013-09-03,16,1,-77.0,874.0
346,2013-09-04,16,1,-77.0,875.0
351,2013-09-05,17,1,-78.0,874.0
347,2013-09-06,17,1,-77.0,873.0
349,2013-09-07,18,1,-78.0,874.0
350,2013-09-08,18,1,-79.0,875.0
348,2013-09-09,19,1,-79.0,875.0
352,2013-09-10,19,1,-78.0,875.0
353,2013-09-11,20,1,-78.0,875.0
354,2013-09-12,20,1,-77.0,876.0
355,2013-09-13,21,1,-76.0,877.0
356,2013-09-14,21,1,-79.0,878.0
357,2013-09-15,22,1,-77.0,878.0
358,2013-09-16,22,1,-78.0,879.0
359,2013-09-18,23,1,-75.0,880.0
360,2013-09-19,23,1,-79.0,880.0
361,2013-09-20,24,1,-79.0,881.0
363,2013-09-21,24,1,-79.0,881.0
362,2013-09-22,25,1,-79.0,882.0
365,2013-09-23,25,1,-78.0,883.0
364,2013-09-24,25,1,-80.0,883.0
367,2013-09-25,26,1,-78.0,884.0
366,2013-09-26,26,1,-82.0,885.0
374,2013-09-27,27,1,-81.0,886.0
370,2013-09-28,27,1,-81.0,887.0
369,2013-09-29,28,1,-80.0,887.0
368,2013-09-30,28,1,-81.0,887.0
373,2013-10-01,29,1,-81.0,888.0
372,2013-10-02,29,1,-82.0,887.0
371,2013-10-03,30,2,-80.0,888.0
376,2013-10-04,30,2,-82.0,888.0
375,2013-10-05,31,2,-79.0,889.0
377,2013-10-06,31,2,-82.0,890.0
378,2013-10-07,32,2,-79.0,889.0
379,2013-10-08,32,2,-82.0,890.0
380,2013-10-09,33,2,-79.0,891.0
381,2013-10-10,33,2,-82.0,891.0
385,2013-10-11,33,2,-80.0,892.0
382,2013-10-12,34,2,-81.0,890.0
384,2013-10-13,34,2,-82.0,891.0
383,2013-10-14,35,2,-81.0,892.0
386,2013-10-15,35,2,-81.0,893.0
393,2013-10-16,36,2,-81.0,893.0
388,2013-10-17,36,2,-79.0,893.0
392,2013-10-18,37,2,-81.0,893.0
391,2013-10-19,37,2,-81.0,894.0
387,2013-10-20,38,2,-82.0,895.0
390,2013-10-21,38,2,-82.0,896.0
389,2013-10-22,39,2,-83.0,895.0
395,2013-10-23,39,2,-80.0,896.0
394,2013-10-24,40,2,-81.0,895.0
397,2013-10-26,40,2,-80.0,896.0
396,2013-10-27,40,2,-81.0,896.0
398,2013-10-28,41,2,-81.0,897.0
399,2013-10-29,41,2,-82.0,898.0
400,2013-10-30,42,2,-79.0,899.0
401,2013-10-31,42,2,-80.0,899.0
404,2013-11-01,43,2,-80.0,899.0
402,2013-11-02,43,2,-81.0,900.0
405,2013-11-03,44,2,-80.0,900.0
403,2013-11-04,44,2,-81.0,901.0
407,2013-11-16,50,2,-84.0,905.0
406,2013-11-17,50,2,-83.0,905.0
409,2013-11-24,53,2,-86.0,906.0
410,2013-11-25,54,2,-84.0,906.0
412,2013-11-26,54,2,-85.0,906.0
415,2013-11-27,55,2,-85.0,907.0
411,2013-11-28,55,2,-84.0,907.0
414,2013-11-29,55,2,-85.0,907.0
413,2013-11-30,56,2,-85.0,908.0
475,2013-12-02,56,2,-85.0,907.0
479,2013-12-03,57,2,-84.0,906.0
416,2013-12-04,57,2,-84.0,907.0
417,2013-12-05,58,2,-86.0,907.0
420,2013-12-06,58,2,-84.0,906.0
419,2013-12-07,59,2,-85.0,906.0
418,2013-12-08,59,2,-85.0,906.0
421,2013-12-09,60,3,-85.0,907.0
422,2013-12-18,64,3,-84.0,904.0
473,2013-12-19,64,3,-85.0,904.0
480,2013-12-20,64,3,-87.0,903.0
423,2013-12-21,65,3,-85.0,904.0
434,2013-12-22,65,3,-87.0,903.0
433,2013-12-23,66,3,-86.0,903.0
427,2013-12-24,66,3,-86.0,903.0
426,2013-12-25,67,3,-84.0,902.0
429,2013-12-26,67,3,-85.0,902.0
431,2013-12-27,68,3,-86.0,900.0
428,2013-12-28,68,3,-85.0,901.0
425,2013-12-29,69,3,-86.0,901.0
424,2013-12-30,69,3,-86.0,901.0
432,2013-12-31,69,3,-84.0,899.0
430,2014-01-01,70,3,-85.0,897.0
435,2014-01-02,70,3,-86.0,898.0
437,2014-01-03,71,3,-87.0,898.0
483,2014-01-04,71,3,-86.0,897.0
436,2014-01-05,72,3,-85.0,895.0
438,2014-01-06,72,3,-85.0,895.0
439,2014-01-08,73,3,-86.0,894.0
440,2014-01-09,73,3,-85.0,894.0
442,2014-01-10,73,3,-83.0,893.0
443,2014-01-11,74,3,-86.0,895.0
441,2014-01-12,74,3,-85.0,892.0
446,2014-01-13,75,3,-85.0,892.0
444,2014-01-14,75,3,-86.0,890.0
445,2014-01-15,76,3,-86.0,889.0
447,2014-01-16,76,3,-86.0,888.0
450,2014-01-17,77,3,-86.0,888.0
449,2014-01-18,77,3,-86.0,888.0
448,2014-01-19,77,3,-86.0,885.0
451,2014-01-20,78,3,-85.0,885.0
452,2014-01-21,78,3,-86.0,884.0
453,2014-01-22,79,3,-86.0,884.0
454,2014-01-23,79,3,-87.0,882.0
455,2014-01-24,80,3,-85.0,881.0
458,2014-01-25,80,3,-85.0,881.0
457,2014-01-26,81,3,-85.0,880.0
456,2014-01-27,81,3,-87.0,878.0
459,2014-01-28,82,3,-87.0,878.0
460,2014-01-29,82,3,-86.0,877.0
461,2014-01-30,82,3,-86.0,876.0
462,2014-01-31,83,3,-87.0,875.0
463,2014-02-01,83,3,-87.0,873.0
465,2014-02-02,84,3,-87.0,872.0
464,2014-02-03,84,3,-88.0,872.0
466,2014-02-04,85,3,-87.0,871.0
467,2014-02-05,85,3,-86.0,869.0
468,2014-02-06,86,3,-88.0,868.0
470,2014-02-07,86,3,-83.0,867.0
469,2014-02-08,86,3,-83.0,865.0
472,2014-02-09,87,3,-85.0,865.0
476,2014-02-10,87,3,-85.0,864.0
481,2014-02-11,88,3,-84.0,862.0
482,2014-02-12,88,3,-84.0,861.0
477,2014-02-13,89,3,-85.0,859.0
486,2014-02-15,89,3,-84.0,858.0
487,2014-02-16,90,4,-86.0,857.0
490,2014-02-17,90,4,-85.0,856.0
489,2014-02-18,91,4,-85.0,855.0
488,2014-02-19,91,4,-85.0,853.0
491,2014-02-20,91,4,-86.0,852.0
492,2014-02-21,92,4,-87.0,851.0
494,2014-02-22,92,4,-85.0,850.0
495,2014-02-23,93,4,-85.0,848.0
493,2014-02-24,93,4,-86.0,847.0
496,2014-02-25,94,4,-84.0,845.0
497,2014-02-26,94,4,-84.0,843.0
499,2014-02-27,95,4,-85.0,843.0
501,2014-02-28,95,4,-85.0,842.0
498,2014-03-01,96,4,-85.0,840.0
500,2014-03-02,96,4,-85.0,839.0
502,2014-03-03,96,4,-85.0,838.0
503,2014-03-04,97,4,-86.0,836.0
504,2014-03-05,97,4,-85.0,835.0
506,2014-03-06,98,4,-85.0,834.0
505,2014-03-07,98,4,-87.0,833.0
509,2014-03-08,99,4,-86.0,831.0
508,2014-03-09,99,4,-85.0,830.0
507,2014-03-10,100,4,-86.0,829.0
510,2014-03-11,100,4,-86.0,827.0
511,2014-03-12,101,4,-86.0,825.0
512,2014-03-13,101,4,-85.0,825.0
513,2014-03-14,102,4,-84.0,823.0
515,2014-03-15,102,4,-84.0,821.0
514,2014-03-16,102,4,-85.0,820.0
516,2014-03-17,103,4,-84.0,819.0
517,2014-03-18,103,4,-85.0,817.0
518,2014-03-19,104,4,-82.0,816.0
520,2014-03-20,104,4,-84.0,815.0
519,2014-03-21,105,4,-84.0,813.0
521,2014-03-22,105,4,-83.0,812.0
522,2014-03-24,106,4,-82.0,811.0
523,2014-03-25,106,4,-83.0,810.0
524,2014-03-26,107,4,-84.0,808.0
525,2014-03-27,107,4,-84.0,807.0
526,2014-03-28,108,4,-82.0,806.0
528,2014-03-29,108,4,-82.0,804.0
527,2014-03-30,109,4,-83.0,802.0
529,2014-03-31,109,4,-82.0,802.0
530,2014-04-01,109,4,-85.0,801.0
532,2014-04-02,110,4,-84.0,799.0
531,2014-04-03,110,4,-85.0,798.0
535,2014-04-04,111,4,-82.0,797.0
533,2014-04-05,111,4,-82.0,795.0
534,2014-04-06,112,4,-83.0,795.0
536,2014-04-07,112,4,-83.0,795.0
537,2014-04-08,113,4,-83.0,793.0
538,2014-04-09,113,4,-83.0,792.0
539,2014-04-10,114,4,-82.0,791.0
540,2014-04-11,114,4,-84.0,790.0
542,2014-04-12,115,4,-84.0,787.0
543,2014-04-13,115,4,-84.0,788.0
541,2014-04-14,116,4,-81.0,787.0
544,2014-04-15,116,4,-82.0,785.0
545,2014-04-16,117,4,-82.0,784.0
548,2014-04-17,117,4,-83.0,783.0
546,2014-04-18,118,4,-84.0,782.0
547,2014-04-19,118,4,-83.0,781.0
549,2014-04-20,118,4,-84.0,780.0
550,2014-04-21,119,4,-83.0,779.0
551,2014-04-22,119,4,-85.0,777.0
552,2014-04-23,120,5,-84.0,777.0
554,2014-04-24,120,5,-85.0,776.0
555,2014-04-25,121,5,-84.0,775.0
553,2014-04-26,121,5,-85.0,774.0
556,2014-04-27,122,5,-84.0,773.0
557,2014-04-28,122,5,-82.0,772.0
558,2014-04-29,123,5,-83.0,771.0
559,2014-05-01,123,5,-82.0,769.0
561,2014-05-02,124,5,-84.0,769.0
562,2014-05-03,124,5,-83.0,769.0
560,2014-05-04,125,5,-82.0,766.0
563,2014-05-05,125,5,-83.0,765.0
564,2014-05-06,126,5,-82.0,765.0
565,2014-05-07,126,5,-84.0,763.0
566,2014-05-08,127,5,-83.0,763.0
568,2014-05-09,127,5,-82.0,762.0
569,2014-05-10,128,5,-81.0,761.0
567,2014-05-11,128,5,-82.0,760.0
570,2014-05-12,129,5,-82.0,759.0
571,2014-05-13,129,5,-81.0,759.0
572,2014-05-14,130,5,-84.0,759.0
573,2014-05-15,130,5,-82.0,757.0
576,2014-05-16,131,5,-81.0,756.0
575,2014-05-17,131,5,-79.0,755.0
574,2014-05-18,132,5,-81.0,754.0
577,2014-05-19,132,5,-82.0,753.0
578,2014-05-20,133,5,-82.0,754.0
582,2014-05-21,133,5,-81.0,752.0
580,2014-05-22,134,5,-80.0,752.0
579,2014-05-23,134,5,-80.0,751.0
581,2014-05-24,135,5,-80.0,750.0
583,2014-05-25,135,5,-81.0,750.0
584,2014-05-26,136,5,-81.0,749.0
585,2014-05-27,136,5,-80.0,749.0
586,2014-05-28,137,5,-80.0,748.0
588,2014-05-29,137,5,-80.0,748.0
589,2014-05-30,138,5,-81.0,746.0
587,2014-05-31,138,5,-81.0,746.0
590,2014-06-01,139,5,-79.0,746.0
591,2014-06-02,139,5,-80.0,746.0
592,2014-06-03,140,5,-79.0,745.0
593,2014-06-04,140,5,-80.0,743.0
595,2014-06-05,141,5,-80.0,743.0
594,2014-06-07,141,5,-79.0,745.0
596,2014-06-08,142,5,-80.0,744.0
597,2014-06-09,142,5,-79.0,742.0
598,2014-06-10,143,5,-77.0,741.0
599,2014-06-11,143,5,-80.0,740.0
600,2014-06-12,144,5,-79.0,739.0
602,2014-06-13,144,5,-79.0,739.0
603,2014-06-14,145,5,-77.0,738.0
601,2014-06-15,145,5,-78.0,735.0
604,2014-06-16,146,5,-76.0,735.0
605,2014-06-17,146,5,-77.0,735.0
609,2014-06-18,147,5,-77.0,734.0
607,2014-06-19,147,5,-78.0,732.0
610,2014-06-20,148,5,-78.0,735.0
608,2014-06-21,148,5,-77.0,736.0
606,2014-06-22,149,5,-76.0,736.0
611,2014-06-23,150,6,-75.0,734.0
613,2014-06-24,150,6,-84.0,735.0
612,2014-06-25,151,6,-79.0,737.0
614,2014-06-26,151,6,-79.0,740.0
615,2014-06-27,152,6,-78.0,739.0
616,2014-06-28,152,6,-78.0,738.0
617,2014-06-29,153,6,-80.0,739.0
618,2014-06-30,153,6,-80.0,740.0
619,2014-07-01,154,6,-80.0,738.0
622,2014-07-02,154,6,-78.0,737.0
621,2014-07-03,155,6,-77.0,739.0
624,2014-07-04,155,6,-77.0,738.0
620,2014-07-05,156,6,-76.0,740.0
623,2014-07-06,156,6,-79.0,738.0
625,2014-07-07,157,6,-77.0,739.0
626,2014-07-08,158,6,-79.0,741.0
627,2014-07-09,158,6,-75.0,741.0
628,2014-07-10,159,6,-77.0,740.0
629,2014-07-11,159,6,-76.0,738.0
630,2014-07-12,160,6,-77.0,739.0
631,2014-07-14,160,6,-77.0,741.0
632,2014-07-15,161,6,-76.0,742.0
633,2014-07-16,161,6,-77.0,741.0
634,2014-07-17,162,6,-76.0,741.0
637,2014-07-18,162,6,-76.0,742.0
636,2014-07-19,163,6,-76.0,741.0
635,2014-07-20,164,6,-75.0,740.0
638,2014-07-21,164,6,-76.0,741.0
639,2014-07-22,165,6,-75.0,743.0
640,2014-07-23,165,6,-74.0,743.0
641,2014-07-24,166,6,-77.0,743.0
642,2014-07-25,166,6,-76.0,744.0
643,2014-07-26,167,6,-75.0,745.0
644,2014-07-27,167,6,-77.0,745.0
645,2014-07-28,168,6,-76.0,745.0
646,2014-07-29,169,6,-75.0,747.0
647,2014-07-30,169,6,-75.0,747.0
648,2014-07-31,170,6,-76.0,746.0
650,2014-08-01,170,6,-76.0,748.0
651,2014-08-02,171,6,-76.0,749.0
649,2014-08-03,171,6,-76.0,749.0
652,2014-08-04,172,6,-73.0,750.0
653,2014-08-05,172,6,-77.0,751.0
654,2014-08-06,173,6,-75.0,751.0
658,2014-08-07,174,6,-77.0,752.0
656,2014-08-08,174,6,-76.0,754.0
655,2014-08-09,175,6,-76.0,754.0
657,2014-08-10,175,6,-73.0,755.0
659,2014-08-11,176,6,-75.0,755.0
661,2014-08-12,176,6,-76.0,756.0
660,2014-08-13,177,6,-77.0,757.0
662,2014-08-14,178,6,-77.0,758.0
663,2014-08-15,178,6,-74.0,760.0
664,2014-08-16,179,6,-73.0,761.0
665,2014-08-17,179,6,-74.0,760.0
666,2014-08-18,180,7,-73.0,761.0
667,2014-08-19,181,7,-74.0,763.0
669,2014-08-21,181,7,-73.0,764.0
668,2014-08-22,182,7,-75.0,766.0
671,2014-08-23,182,7,-76.0,766.0
670,2014-08-24,183,7,-74.0,766.0
672,2014-08-25,183,7,-75.0,768.0
676,2014-08-26,184,7,-76.0,770.0
673,2014-08-27,185,7,-75.0,771.0
677,2014-08-28,185,7,-75.0,773.0
674,2014-08-29,186,7,-74.0,773.0
675,2014-08-30,186,7,-73.0,776.0
678,2014-08-31,187,7,-73.0,776.0
679,2014-09-01,188,7,-76.0,776.0
680,2014-09-02,188,7,-74.0,777.0
681,2014-09-03,189,7,-75.0,778.0
682,2014-09-04,189,7,-77.0,779.0
685,2014-09-05,190,7,-76.0,782.0
683,2014-09-06,191,7,-70.0,784.0
684,2014-09-07,191,7,-72.0,784.0
686,2014-09-08,192,7,-72.0,786.0
687,2014-09-09,192,7,-75.0,786.0
689,2014-09-10,193,7,-74.0,787.0
688,2014-09-11,194,7,-76.0,788.0
691,2014-09-12,194,7,-73.0,789.0
690,2014-09-13,195,7,-71.0,791.0
692,2014-09-14,195,7,-73.0,794.0
693,2014-09-15,196,7,-72.0,796.0
695,2014-09-16,197,7,-72.0,797.0
694,2014-09-17,197,7,-71.0,798.0
698,2014-09-18,198,7,-73.0,800.0
696,2014-09-19,198,7,-73.0,802.0
697,2014-09-20,199,7,-74.0,806.0
699,2014-09-21,200,7,-73.0,806.0
700,2014-09-22,200,7,-73.0,807.0
701,2014-09-23,201,7,-71.0,810.0
702,2014-09-24,201,7,-77.0,809.0
704,2014-09-25,202,7,-70.0,810.0
705,2014-09-27,203,7,-72.0,814.0
703,2014-09-28,203,7,-75.0,814.0
706,2014-09-29,204,7,-78.0,817.0
707,2014-09-30,205,7,-73.0,821.0
708,2014-10-01,205,7,-73.0,820.0
709,2014-10-02,206,7,-70.0,824.0
710,2014-10-03,206,7,-71.0,824.0
712,2014-10-04,207,7,-73.0,826.0
711,2014-10-05,208,7,-73.0,829.0
713,2014-10-06,208,7,-70.0,829.0
714,2014-10-07,209,7,-71.0,836.0
715,2014-10-08,210,8,-71.0,835.0
716,2014-10-09,210,8,-70.0,838.0
719,2014-10-10,211,8,-73.0,838.0
717,2014-10-11,211,8,-71.0,838.0
718,2014-10-12,212,8,-72.0,841.0
720,2014-10-13,213,8,-72.0,841.0
721,2014-10-14,213,8,-70.0,846.0
722,2014-10-15,214,8,-71.0,845.0
723,2014-10-16,215,8,-72.0,852.0
725,2014-10-17,215,8,-74.0,849.0
724,2014-10-18,216,8,-71.0,854.0
727,2014-10-19,216,8,-69.0,853.0
726,2014-10-20,217,8,-69.0,857.0
728,2014-10-21,218,8,-74.0,858.0
729,2014-10-22,218,8,-74.0,861.0
732,2014-10-23,219,8,-73.0,860.0
731,2014-10-24,220,8,-68.0,862.0
730,2014-10-25,220,8,-68.0,862.0
733,2014-10-26,221,8,-68.0,864.0
734,2014-10-27,222,8,-70.0,867.0
735,2014-10-28,222,8,-71.0,873.0
736,2014-10-29,223,8,-71.0,877.0
739,2014-10-30,223,8,-68.0,874.0
738,2014-10-31,224,8,-68.0,875.0
737,2014-11-01,225,8,-65.0,877.0
740,2014-11-03,225,8,-65.0,879.0
741,2014-11-04,226,8,-67.0,883.0
743,2014-11-05,227,8,-70.0,884.0
742,2014-11-06,227,8,-67.0,884.0
746,2014-11-07,228,8,-70.0,884.0
745,2014-11-08,229,8,-69.0,887.0
744,2014-11-09,229,8,-69.0,888.0
747,2014-11-10,230,8,-73.0,891.0
748,2014-11-11,231,8,-70.0,893.0
750,2014-11-12,231,8,-69.0,893.0
749,2014-11-13,232,8,-71.0,892.0
752,2014-11-14,232,8,-67.0,893.0
753,2014-11-15,233,8,-70.0,895.0
751,2014-11-16,234,8,-69.0,897.0
754,2014-11-17,234,8,-71.0,900.0
755,2014-11-18,235,8,-75.0,902.0
756,2014-11-19,236,8,-67.0,904.0
757,2014-11-20,236,8,-68.0,902.0
759,2014-11-21,237,8,-69.0,905.0
758,2014-11-22,238,8,-74.0,909.0
761,2014-11-23,238,8,-69.0,913.0
760,2014-11-24,239,8,-68.0,914.0
763,2014-11-25,240,9,-71.0,913.0
765,2014-11-26,240,9,-68.0,910.0
762,2014-11-27,241,9,-68.0,910.0
764,2014-11-28,242,9,-71.0,911.0
766,2014-11-29,242,9,-69.0,912.0
768,2014-11-30,243,9,-67.0,914.0
767,2014-12-01,243,9,-67.0,914.0
770,2014-12-02,244,9,-68.0,914.0
769,2014-12-03,245,9,-68.0,911.0
771,2014-12-04,245,9,-71.0,914.0
773,2014-12-05,246,9,-71.0,914.0
772,2014-12-06,247,9,-68.0,918.0
774,2014-12-07,247,9,-68.0,920.0
775,2014-12-08,248,9,-68.0,924.0
776,2014-12-09,249,9,-69.0,923.0
777,2014-12-11,249,9,-68.0,918.0
780,2014-12-12,250,9,-69.0,917.0
778,2014-12-13,251,9,-69.0,916.0
779,2014-12-14,251,9,-69.0,916.0
782,2014-12-15,252,9,-69.0,917.0
781,2014-12-16,253,9,-70.0,917.0
783,2014-12-17,253,9,-74.0,913.0
784,2014-12-18,254,9,-75.0,914.0
790,2014-12-19,255,9,-69.0,914.0
793,2014-12-20,255,9,-69.0,916.0
788,2014-12-21,256,9,-68.0,917.0
786,2014-12-22,257,9,-73.0,920.0
785,2014-12-23,257,9,-74.0,925.0
791,2014-12-24,258,9,-69.0,918.0
792,2014-12-25,258,9,-69.0,918.0
787,2014-12-26,259,9,-69.0,918.0
789,2014-12-27,260,9,-68.0,918.0
794,2014-12-28,260,9,-68.0,919.0
797,2014-12-29,261,9,-73.0,916.0
796,2014-12-30,262,9,-67.0,913.0
798,2014-12-31,262,9,-66.0,910.0
799,2015-01-01,263,9,-69.0,912.0
795,2015-01-02,264,9,-68.0,912.0
801,2015-01-03,264,9,-76.0,911.0
800,2015-01-04,265,9,-73.0,913.0
802,2015-01-05,266,9,-72.0,915.0
803,2015-01-06,266,9,-69.0,916.0
804,2015-01-07,267,9,-70.0,917.0
807,2015-01-08,268,9,-70.0,917.0
805,2015-01-09,268,9,-72.0,916.0
806,2015-01-10,269,9,-70.0,914.0
808,2015-01-11,270,10,-70.0,913.0
809,2015-01-12,270,10,-71.0,911.0
810,2015-01-13,271,10,-71.0,910.0
811,2015-01-14,271,10,-71.0,908.0
812,2015-01-15,272,10,-72.0,906.0
813,2015-01-17,273,10,-74.0,909.0
814,2015-01-18,273,10,-70.0,903.0
815,2015-01-19,274,10,-72.0,902.0
817,2015-01-28,280,10,-73.0,899.0
818,2015-01-29,280,10,-76.0,901.0
820,2015-01-30,281,10,-74.0,897.0
821,2015-01-31,282,10,-71.0,897.0
819,2015-02-01,282,10,-71.0,895.0
823,2015-02-02,283,10,-73.0,894.0
822,2015-02-03,284,10,-73.0,897.0
824,2015-02-04,284,10,-70.0,896.0
825,2015-02-05,285,10,-70.0,895.0
826,2015-02-06,286,10,-72.0,892.0
827,2015-02-07,286,10,-72.0,892.0
828,2015-02-08,287,10,-71.0,892.0
829,2015-02-09,287,10,-72.0,890.0
830,2015-02-10,288,10,-75.0,891.0
831,2015-02-11,289,10,-72.0,889.0
833,2015-02-12,289,10,-70.0,888.0
832,2015-02-13,290,10,-72.0,884.0
834,2015-02-14,291,10,-72.0,883.0
835,2015-02-15,291,10,-75.0,881.0
836,2015-02-16,292,10,-70.0,883.0
837,2015-02-17,292,10,-71.0,885.0
838,2015-02-18,293,10,-68.0,883.0
839,2015-02-19,294,10,-71.0,882.0
841,2015-02-20,294,10,-71.0,878.0
840,2015-02-21,295,10,-71.0,880.0
843,2015-02-22,296,10,-76.0,878.0
842,2015-02-24,296,10,-75.0,879.0
844,2015-02-25,297,10,-71.0,883.0
845,2015-02-26,297,10,-70.0,878.0
847,2015-02-27,298,10,-73.0,878.0
846,2015-02-28,299,10,-70.0,874.0
849,2015-03-01,299,10,-75.0,875.0
848,2015-03-02,300,11,-71.0,871.0
850,2015-03-03,300,11,-71.0,874.0
851,2015-03-04,301,11,-71.0,878.0
852,2015-03-05,302,11,-71.0,872.0
854,2015-03-06,302,11,-76.0,871.0
853,2015-03-07,303,11,-71.0,867.0
855,2015-03-08,304,11,-74.0,870.0
856,2015-03-09,304,11,-72.0,868.0
857,2015-03-10,305,11,-70.0,867.0
858,2015-03-11,305,11,-73.0,870.0
859,2015-03-12,306,11,-72.0,867.0
861,2015-03-13,307,11,-74.0,867.0
860,2015-03-14,307,11,-71.0,862.0
862,2015-03-15,308,11,-76.0,864.0
863,2015-03-16,308,11,-76.0,862.0
864,2015-03-17,309,11,-72.0,862.0
865,2015-03-18,310,11,-75.0,866.0
868,2015-03-19,310,11,-75.0,865.0
867,2015-03-20,311,11,-69.0,864.0
866,2015-03-21,311,11,-71.0,859.0
869,2015-03-22,312,11,-71.0,863.0
870,2015-03-23,313,11,-73.0,858.0
872,2015-03-24,313,11,-75.0,862.0
871,2015-03-25,314,11,-72.0,865.0
874,2015-03-26,314,11,-73.0,863.0
876,2015-03-29,316,11,-73.0,861.0
875,2015-03-30,317,11,-74.0,857.0
880,2015-03-31,317,11,-74.0,857.0
877,2015-04-02,318,11,-73.0,854.0
878,2015-04-03,318,11,-70.0,852.0
881,2015-04-04,319,11,-72.0,851.0
879,2015-04-05,320,11,-77.0,850.0
882,2015-04-06,320,11,-70.0,853.0
883,2015-04-07,321,11,-73.0,854.0
884,2015-04-08,321,11,-72.0,851.0
885,2015-04-09,322,11,-73.0,850.0
888,2015-04-10,323,11,-75.0,849.0
886,2015-04-11,323,11,-69.0,847.0
887,2015-04-12,324,11,-71.0,847.0
889,2015-04-13,324,11,-73.0,847.0
892,2015-04-17,327,11,-74.0,848.0
891,2015-04-18,327,11,-78.0,846.0
893,2015-04-19,328,11,-76.0,846.0
895,2015-04-20,328,11,-71.0,849.0
894,2015-04-21,329,11,-73.0,845.0
896,2015-04-22,329,11,-71.0,850.0
897,2015-04-23,330,12,-72.0,847.0
898,2015-04-24,331,12,-75.0,847.0
900,2015-04-25,331,12,-73.0,850.0
899,2015-04-26,332,12,-74.0,844.0
901,2015-04-27,332,12,-71.0,848.0
902,2015-04-28,333,12,-72.0,844.0
903,2015-04-29,333,12,-71.0,849.0
906,2015-04-30,334,12,-71.0,848.0
904,2015-05-01,334,12,-73.0,847.0
905,2015-05-02,335,12,-72.0,844.0
907,2015-05-03,336,12,-73.0,842.0
908,2015-05-04,336,12,-73.0,843.0
909,2015-05-05,337,12,-75.0,842.0
910,2015-05-06,337,12,-75.0,841.0
913,2015-05-07,338,12,-73.0,842.0
912,2015-05-09,338,12,-79.0,841.0
911,2015-05-10,339,12,-73.0,840.0
914,2015-05-11,339,12,-73.0,841.0
917,2015-05-12,340,12,-74.0,840.0
916,2015-05-13,340,12,-76.0,840.0
915,2015-05-14,341,12,-74.0,840.0
918,2015-05-15,342,12,-78.0,840.0
919,2015-05-16,342,12,-74.0,840.0
920,2015-05-17,343,12,-74.0,839.0
922,2015-05-18,343,12,-75.0,840.0
921,2015-05-19,344,12,-74.0,841.0
923,2015-05-20,344,12,-76.0,839.0
926,2015-05-21,345,12,-73.0,840.0
924,2015-05-22,345,12,-73.0,842.0
927,2015-05-23,346,12,-73.0,840.0
925,2015-05-24,346,12,-79.0,842.0
929,2015-05-25,347,12,-74.0,842.0
928,2015-05-26,348,12,-72.0,842.0
930,2015-05-27,348,12,-74.0,843.0
931,2015-05-28,349,12,-73.0,842.0
932,2015-05-30,350,12,-74.0,841.0
933,2015-05-31,350,12,-79.0,843.0
936,2015-06-01,351,12,-77.0,844.0
934,2015-06-02,351,12,-74.0,843.0
935,2015-06-03,352,12,-74.0,842.0
939,2015-06-04,352,12,-75.0,843.0
941,2015-06-05,353,12,-78.0,844.0
937,2015-06-06,353,12,-79.0,845.0
940,2015-06-07,354,12,-79.0,844.0
946,2015-06-08,354,12,-75.0,845.0
947,2015-06-09,355,12,-74.0,846.0
948,2015-06-10,355,12,-78.0,845.0
949,2015-06-11,356,12,-81.0,846.0
953,2015-06-12,356,12,-80.0,846.0
950,2015-06-13,357,12,-77.0,846.0
951,2015-06-14,357,12,-75.0,847.0
952,2015-06-16,358,12,-76.0,847.0
955,2015-06-17,359,12,-78.0,850.0
956,2015-06-18,359,12,-79.0,850.0
954,2015-06-19,0,1,-81.0,849.0
938,2015-06-20,0,1,-63.0,832.0
942,2015-06-21,1,1,-76.0,850.0
944,2015-06-22,1,1,-75.0,852.0
943,2015-06-23,2,1,-76.0,851.0
945,2015-06-24,2,1,-76.0,851.0
958,2015-06-25,3,1,-74.0,851.0
957,2015-06-26,3,1,-78.0,851.0
960,2015-06-28,4,1,-75.0,853.0
959,2015-06-29,5,1,-75.0,856.0
961,2015-06-30,5,1,-77.0,855.0
963,2015-07-01,6,1,-76.0,854.0
962,2015-07-02,6,1,-74.0,854.0
965,2015-07-03,7,1,-77.0,856.0
964,2015-07-04,7,1,-76.0,859.0
966,2015-07-05,8,1,-77.0,857.0
967,2015-07-06,8,1,-76.0,856.0
968,2015-07-07,9,1,-80.0,856.0
969,2015-07-08,9,1,-76.0,858.0
970,2015-07-09,10,1,-77.0,857.0
972,2015-07-10,10,1,-77.0,858.0
971,2015-07-11,11,1,-77.0,859.0
973,2015-07-12,11,1,-76.0,859.0
974,2015-07-13,12,1,-77.0,860.0
975,2015-07-14,12,1,-79.0,860.0
978,2015-07-15,13,1,-80.0,861.0
979,2015-07-16,13,1,-77.0,862.0
977,2015-07-17,14,1,-77.0,863.0
976,2015-07-18,14,1,-78.0,864.0
980,2015-07-19,15,1,-75.0,864.0
981,2015-07-20,15,1,-76.0,863.0
983,2015-07-21,16,1,-76.0,864.0
982,2015-07-23,16,1,-78.0,865.0
984,2015-07-24,17,1,-79.0,865.0
985,2015-07-25,17,1,-77.0,867.0
987,2015-07-26,17,1,-77.0,868.0
986,2015-07-27,18,1,-76.0,868.0
988,2015-07-28,18,1,-78.0,867.0
989,2015-07-29,19,1,-78.0,868.0
990,2015-07-30,19,1,-78.0,870.0
992,2015-07-31,20,1,-78.0,870.0
993,2015-08-01,20,1,-77.0,871.0
991,2015-08-02,21,1,-77.0,871.0
994,2015-08-03,21,1,-79.0,871.0
996,2015-08-04,22,1,-77.0,871.0
995,2015-08-05,22,1,-78.0,873.0
997,2015-08-06,23,1,-78.0,875.0
998,2015-08-07,23,1,-79.0,875.0
1000,2015-08-08,24,1,-76.0,874.0
999,2015-08-09,24,1,-77.0,876.0
1001,2015-08-10,25,1,-80.0,877.0
1002,2015-08-11,25,1,-78.0,878.0
1003,2015-08-12,26,1,-78.0,879.0
1004,2015-08-13,26,1,-82.0,879.0
1005,2015-08-14,27,1,-77.0,878.0
1006,2015-08-15,27,1,-77.0,879.0
1007,2015-08-16,28,1,-81.0,880.0
1008,2015-08-17,28,1,-79.0,880.0
1009,2015-08-18,29,1,-80.0,881.0
1010,2015-08-19,29,1,-80.0,882.0
1013,2015-08-20,29,1,-77.0,882.0
1011,2015-08-21,30,2,-77.0,882.0
1012,2015-08-22,30,2,-79.0,882.0
1014,2015-08-23,31,2,-80.0,883.0
1015,2015-08-24,31,2,-78.0,885.0
1017,2015-08-25,32,2,-79.0,886.0
1016,2015-08-26,32,2,-77.0,885.0
1019,2015-08-27,33,2,-78.0,885.0
1020,2015-08-29,33,2,-77.0,885.0
1018,2015-08-30,34,2,-76.0,885.0
1021,2015-08-31,34,2,-78.0,886.0
1022,2015-09-01,35,2,-77.0,886.0
1023,2015-09-02,35,2,-79.0,886.0
1024,2015-09-03,36,2,-77.0,887.0
1026,2015-09-04,36,2,-80.0,888.0
1027,2015-09-05,36,2,-79.0,888.0
1025,2015-09-06,37,2,-79.0,888.0
1028,2015-09-07,37,2,-78.0,889.0
1029,2015-09-08,38,2,-77.0,890.0
1030,2015-09-09,38,2,-78.0,891.0
1031,2015-09-10,39,2,-79.0,890.0
1034,2015-09-11,39,2,-80.0,891.0
1032,2015-09-12,40,2,-84.0,892.0
1033,2015-09-13,40,2,-81.0,893.0
1035,2015-09-14,41,2,-79.0,893.0
1036,2015-09-15,41,2,-78.0,892.0
1037,2015-09-16,42,2,-82.0,893.0
1040,2015-09-17,42,2,-79.0,893.0
1038,2015-09-18,42,2,-78.0,895.0
1039,2015-09-19,43,2,-82.0,895.0
1041,2015-09-20,43,2,-81.0,895.0
1042,2015-09-21,44,2,-79.0,896.0
1043,2015-09-22,44,2,-80.0,895.0
1044,2015-09-23,45,2,-79.0,895.0
1045,2015-09-24,45,2,-79.0,896.0
1047,2015-09-25,46,2,-80.0,897.0
1046,2015-09-26,46,2,-79.0,898.0
1048,2015-09-27,47,2,-79.0,898.0
1049,2015-09-28,47,2,-80.0,898.0
1050,2015-09-29,48,2,-81.0,899.0
1051,2015-09-30,48,2,-80.0,900.0
1052,2015-10-01,48,2,-81.0,901.0
1053,2015-10-02,49,2,-79.0,901.0
1054,2015-10-03,49,2,-79.0,900.0
1055,2015-10-04,50,2,-80.0,900.0
1056,2015-10-06,50,2,-79.0,900.0
1057,2015-10-07,51,2,-79.0,901.0
1058,2015-10-08,51,2,-80.0,901.0
1059,2015-10-09,52,2,-79.0,902.0
1060,2015-10-10,52,2,-80.0,902.0
1061,2015-10-11,53,2,-81.0,902.0
1062,2015-10-12,53,2,-81.0,902.0
1063,2015-10-13,53,2,-82.0,902.0
1064,2015-10-14,54,2,-82.0,902.0
1065,2015-10-15,54,2,-80.0,902.0
1069,2015-10-16,55,2,-81.0,901.0
1066,2015-10-17,55,2,-82.0,901.0
1068,2015-10-18,56,2,-81.0,901.0
1067,2015-10-19,56,2,-82.0,901.0
1070,2015-10-20,57,2,-80.0,901.0
1071,2015-10-21,57,2,-81.0,901.0
1072,2015-10-22,57,2,-82.0,902.0
1073,2015-10-23,58,2,-82.0,902.0
1074,2015-10-24,58,2,-82.0,901.0
1075,2015-10-25,59,2,-82.0,902.0
1076,2015-10-26,59,2,-82.0,903.0
1077,2015-10-27,60,3,-82.0,902.0
1078,2015-10-28,60,3,-80.0,901.0
1080,2015-10-29,61,3,-80.0,901.0
1079,2015-10-30,61,3,-81.0,902.0
1081,2015-10-31,62,3,-82.0,902.0
1082,2015-11-01,62,3,-82.0,901.0
1086,2015-11-02,62,3,-80.0,901.0
1083,2015-11-03,63,3,-82.0,900.0
1088,2015-11-04,63,3,-84.0,900.0
1084,2015-11-05,64,3,-84.0,900.0
1085,2015-11-06,64,3,-84.0,900.0
1087,2015-11-07,65,3,-82.0,900.0
1089,2015-11-08,65,3,-82.0,898.0
1090,2015-11-09,66,3,-82.0,898.0
1091,2015-11-10,66,3,-80.0,899.0
1092,2015-11-12,66,3,-83.0,898.0
1093,2015-11-13,67,3,-84.0,897.0
1094,2015-11-14,67,3,-86.0,896.0
1095,2015-11-15,68,3,-86.0,896.0
1096,2015-11-16,68,3,-84.0,897.0
1097,2015-11-17,69,3,-84.0,895.0
1098,2015-11-18,69,3,-84.0,894.0
1102,2015-11-19,70,3,-84.0,894.0
1100,2015-11-20,70,3,-89.0,894.0
1101,2015-11-21,71,3,-85.0,893.0
1099,2015-11-22,71,3,-87.0,892.0
1104,2015-11-23,71,3,-87.0,892.0
1103,2015-11-24,72,3,-87.0,892.0
1105,2015-11-25,72,3,-85.0,891.0
1106,2015-11-26,73,3,-85.0,890.0
1107,2015-11-27,73,3,-84.0,890.0
1108,2015-11-28,74,3,-84.0,888.0
1109,2015-11-29,74,3,-86.0,888.0
1110,2015-11-30,75,3,-85.0,887.0
1111,2015-12-01,75,3,-86.0,886.0
1112,2015-12-02,75,3,-86.0,885.0
1114,2015-12-03,76,3,-85.0,884.0
1113,2015-12-04,76,3,-86.0,883.0
1115,2015-12-05,77,3,-85.0,882.0
1116,2015-12-06,77,3,-84.0,881.0
1117,2015-12-07,78,3,-86.0,881.0
1118,2015-12-08,78,3,-84.0,881.0
1119,2015-12-09,79,3,-90.0,881.0
1120,2015-12-10,79,3,-87.0,879.0
1121,2015-12-11,79,3,-87.0,877.0
1122,2015-12-12,80,3,-87.0,876.0
1123,2015-12-13,80,3,-86.0,876.0
1124,2015-12-14,81,3,-84.0,875.0
1125,2015-12-15,81,3,-84.0,873.0
1126,2015-12-16,82,3,-86.0,872.0
1129,2015-12-17,82,3,-86.0,871.0
1127,2015-12-18,83,3,-85.0,869.0
1128,2015-12-20,83,3,-86.0,868.0
1130,2015-12-21,84,3,-86.0,868.0
1131,2015-12-22,84,3,-84.0,866.0
1132,2015-12-23,84,3,-85.0,866.0
1133,2015-12-24,85,3,-85.0,864.0
1136,2015-12-25,85,3,-85.0,863.0
1135,2015-12-26,86,3,-84.0,862.0
1134,2015-12-27,86,3,-86.0,861.0
1137,2015-12-28,87,3,-85.0,859.0
1138,2015-12-29,87,3,-85.0,858.0
1139,2015-12-30,88,3,-85.0,857.0
1141,2015-12-31,88,3,-85.0,855.0
1140,2016-01-01,88,3,-85.0,854.0
1142,2016-01-02,89,3,-83.0,853.0
1143,2016-01-03,89,3,-86.0,851.0
1145,2016-01-04,90,4,-84.0,851.0
1144,2016-01-05,90,4,-85.0,849.0
1146,2016-01-06,91,4,-85.0,848.0
1147,2016-01-07,91,4,-86.0,847.0
1148,2016-01-08,92,4,-88.0,846.0
1149,2016-01-09,92,4,-86.0,845.0
1150,2016-01-10,93,4,-87.0,844.0
1151,2016-01-11,93,4,-87.0,842.0
1152,2016-01-12,93,4,-87.0,841.0
1153,2016-01-13,94,4,-87.0,840.0
1155,2016-01-14,94,4,-88.0,839.0
1154,2016-01-15,95,4,-88.0,837.0
1156,2016-01-16,95,4,-87.0,836.0
1157,2016-01-17,96,4,-87.0,835.0
1158,2016-01-18,96,4,-88.0,833.0
1159,2016-01-19,97,4,-88.0,832.0
1160,2016-01-20,97,4,-88.0,831.0
1161,2016-01-21,98,4,-88.0,830.0
1162,2016-01-22,98,4,-88.0,828.0
1163,2016-01-23,99,4,-88.0,827.0
1164,2016-01-24,99,4,-88.0,826.0
1166,2016-01-26,99,4,-88.0,824.0
1165,2016-01-27,100,4,-88.0,824.0
1170,2016-01-28,100,4,-87.0,822.0
1169,2016-01-29,101,4,-88.0,820.0
1167,2016-01-30,101,4,-87.0,819.0
1168,2016-01-31,102,4,-89.0,818.0
1171,2016-02-01,102,4,-87.0,816.0
1172,2016-02-02,103,4,-87.0,816.0
1173,2016-02-03,103,4,-87.0,815.0
1174,2016-02-04,104,4,-86.0,814.0
1175,2016-02-05,104,4,-85.0,812.0
1176,2016-02-06,105,4,-86.0,811.0
1178,2016-02-07,105,4,-85.0,810.0
1177,2016-02-08,105,4,-85.0,809.0
1179,2016-02-09,106,4,-86.0,807.0
1180,2016-02-10,106,4,-85.0,806.0
1182,2016-02-11,107,4,-85.0,804.0
1185,2016-02-12,107,4,-85.0,803.0
1184,2016-02-13,108,4,-85.0,802.0
1181,2016-02-14,108,4,-85.0,800.0
1183,2016-02-15,109,4,-84.0,799.0
1187,2016-02-16,109,4,-84.0,798.0
1186,2016-02-17,110,4,-84.0,797.0
1188,2016-02-18,110,4,-84.0,794.0
1189,2016-02-19,111,4,-83.0,794.0
1190,2016-02-20,111,4,-84.0,794.0
1191,2016-02-21,112,4,-83.0,792.0
1192,2016-02-22,112,4,-81.0,790.0
1193,2016-02-23,112,4,-81.0,790.0
1194,2016-02-24,113,4,-84.0,788.0
1195,2016-02-25,113,4,-84.0,787.0
1197,2016-02-26,114,4,-81.0,787.0
1196,2016-02-27,114,4,-82.0,787.0
1198,2016-02-28,115,4,-83.0,786.0
1199,2016-02-29,115,4,-83.0,784.0
1201,2016-03-01,116,4,-83.0,782.0
1200,2016-03-03,116,4,-82.0,782.0
1202,2016-03-04,117,4,-84.0,781.0
1203,2016-03-05,117,4,-81.0,780.0
1204,2016-03-06,118,4,-79.0,778.0
1205,2016-03-07,118,4,-82.0,777.0
1206,2016-03-08,119,4,-82.0,775.0
1207,2016-03-09,119,4,-83.0,774.0
1208,2016-03-10,120,5,-84.0,774.0
1210,2016-03-11,120,5,-83.0,773.0
1209,2016-03-12,121,5,-83.0,772.0
1211,2016-03-13,121,5,-84.0,771.0
1212,2016-03-14,122,5,-83.0,769.0
1213,2016-03-15,122,5,-81.0,768.0
1214,2016-03-16,123,5,-82.0,767.0
1216,2016-03-17,123,5,-80.0,767.0
1217,2016-03-18,123,5,-80.0,766.0
1215,2016-03-19,124,5,-80.0,765.0
1218,2016-03-20,124,5,-80.0,764.0
1219,2016-03-21,125,5,-80.0,763.0
1220,2016-03-24,126,5,-80.0,760.0
1222,2016-03-25,127,5,-81.0,760.0
1221,2016-03-26,127,5,-81.0,758.0
1223,2016-03-27,128,5,-79.0,758.0
1224,2016-03-28,128,5,-79.0,757.0
1226,2016-03-29,129,5,-79.0,756.0
1225,2016-03-30,129,5,-80.0,755.0
1229,2016-03-31,130,5,-79.0,755.0
1228,2016-04-01,130,5,-80.0,753.0
1227,2016-04-02,131,5,-79.0,752.0
1230,2016-04-03,131,5,-78.0,752.0
1231,2016-04-04,132,5,-80.0,751.0
1232,2016-04-05,132,5,-78.0,751.0
1233,2016-04-06,133,5,-80.0,750.0
1235,2016-04-07,133,5,-80.0,749.0
1234,2016-04-08,134,5,-79.0,748.0
1236,2016-04-10,134,5,-80.0,748.0
1237,2016-04-11,135,5,-81.0,748.0
1238,2016-04-12,135,5,-81.0,747.0
1239,2016-04-13,136,5,-76.0,745.0
1240,2016-04-14,136,5,-78.0,745.0
1243,2016-04-15,137,5,-77.0,745.0
1241,2016-04-16,137,5,-77.0,745.0
1242,2016-04-17,138,5,-78.0,744.0
1244,2016-04-18,138,5,-77.0,744.0
1245,2016-04-19,139,5,-80.0,744.0
1246,2016-04-20,139,5,-80.0,743.0
1247,2016-04-21,140,5,-80.0,743.0
1248,2016-04-22,140,5,-78.0,742.0
1250,2016-04-23,141,5,-77.0,741.0
1249,2016-04-24,141,5,-77.0,740.0
1251,2016-04-25,142,5,-78.0,740.0
1252,2016-04-26,142,5,-77.0,738.0
1253,2016-04-27,143,5,-78.0,738.0
1256,2016-04-28,144,5,-78.0,738.0
1254,2016-04-29,144,5,-77.0,738.0
1255,2016-04-30,145,5,-76.0,736.0
1257,2016-05-01,145,5,-77.0,735.0
1258,2016-05-02,146,5,-74.0,735.0
1259,2016-05-03,146,5,-78.0,734.0
1260,2016-05-04,147,5,-76.0,734.0
1262,2016-05-05,147,5,-78.0,734.0
1263,2016-05-06,148,5,-76.0,733.0
1261,2016-05-07,148,5,-77.0,732.0
1264,2016-05-08,149,5,-77.0,732.0
1265,2016-05-09,149,5,-75.0,732.0
1266,2016-05-10,150,6,-76.0,734.0
1267,2016-05-11,150,6,-75.0,734.0
1268,2016-05-12,151,6,-77.0,733.0
1269,2016-05-13,151,6,-76.0,734.0
1270,2016-05-14,152,6,-76.0,735.0
1271,2016-05-15,152,6,-80.0,735.0
1272,2016-05-17,153,6,-74.0,735.0
1273,2016-05-18,153,6,-75.0,734.0
1276,2016-05-19,154,6,-75.0,735.0
1274,2016-05-20,155,6,-75.0,737.0
1277,2016-05-21,155,6,-75.0,736.0
1275,2016-05-22,156,6,-76.0,735.0
1278,2016-05-23,156,6,-73.0,737.0
1279,2016-05-24,157,6,-73.0,738.0
1280,2016-05-25,157,6,-72.0,739.0
1283,2016-05-26,158,6,-73.0,736.0
1281,2016-05-27,158,6,-76.0,737.0
1282,2016-05-28,159,6,-75.0,739.0
1284,2016-05-29,159,6,-75.0,740.0
1286,2016-05-30,160,6,-74.0,739.0
1285,2016-05-31,160,6,-72.0,738.0
1287,2016-06-01,161,6,-74.0,738.0
1288,2016-06-02,162,6,-76.0,739.0
1289,2016-06-03,162,6,-76.0,739.0
1290,2016-06-04,163,6,-75.0,739.0
1291,2016-06-05,163,6,-74.0,739.0
1292,2016-06-06,164,6,-75.0,740.0
1293,2016-06-07,164,6,-74.0,740.0
1294,2016-06-08,165,6,-74.0,739.0
1295,2016-06-09,165,6,-75.0,740.0
1296,2016-06-10,166,6,-74.0,743.0
1297,2016-06-11,167,6,-74.0,743.0
1299,2016-06-12,167,6,-73.0,742.0
1298,2016-06-13,168,6,-74.0,744.0
1301,2016-06-14,168,6,-75.0,746.0
1300,2016-06-15,169,6,-74.0,745.0
1303,2016-06-16,169,6,-74.0,746.0
1302,2016-06-17,170,6,-75.0,748.0
1304,2016-06-18,170,6,-73.0,749.0
1305,2016-06-19,171,6,-75.0,749.0
1306,2016-06-20,172,6,-76.0,749.0
1308,2016-06-21,172,6,-76.0,751.0
1307,2016-06-23,173,6,-77.0,751.0
1311,2016-06-24,173,6,-74.0,751.0
1309,2016-06-25,174,6,-73.0,751.0
1310,2016-06-26,174,6,-76.0,752.0
1312,2016-06-27,175,6,-73.0,752.0
1313,2016-06-28,176,6,-74.0,753.0
1314,2016-06-29,176,6,-75.0,755.0
1315,2016-06-30,177,6,-74.0,755.0
1316,2016-07-01,177,6,-74.0,755.0
1317,2016-07-02,178,6,-73.0,756.0
1318,2016-07-12,184,7,-66.0,751.0
1319,2016-07-13,184,7,-73.0,770.0
1322,2016-07-14,185,7,-73.0,770.0
1321,2016-07-15,185,7,-73.0,770.0
1320,2016-07-16,186,7,-75.0,771.0
1323,2016-07-17,187,7,-75.0,771.0
1324,2016-07-18,187,7,-75.0,774.0
1325,2016-07-19,188,7,-75.0,775.0
1328,2016-07-20,188,7,-76.0,775.0
1329,2016-07-21,189,7,-74.0,779.0
1327,2016-07-22,190,7,-75.0,779.0
1326,2016-07-23,190,7,-74.0,781.0
1330,2016-07-24,191,7,-72.0,782.0
1331,2016-07-25,191,7,-72.0,782.0
1333,2016-07-26,192,7,-78.0,784.0
1332,2016-07-27,193,7,-72.0,784.0
1336,2016-07-28,193,7,-73.0,785.0
1334,2016-07-29,194,7,-72.0,787.0
1335,2016-07-31,194,7,-72.0,791.0
1337,2016-08-01,195,7,-70.0,791.0
1338,2016-08-02,196,7,-73.0,793.0
1339,2016-08-03,196,7,-73.0,793.0
1340,2016-08-04,197,7,-71.0,793.0
1343,2016-08-05,197,7,-72.0,797.0
1342,2016-08-06,198,7,-72.0,798.0
1341,2016-08-07,199,7,-71.0,800.0
1344,2016-08-08,199,7,-72.0,803.0
1345,2016-08-09,200,7,-72.0,804.0
1346,2016-08-10,200,7,-71.0,803.0
1347,2016-08-11,201,7,-72.0,807.0
1348,2016-08-12,202,7,-72.0,808.0
1349,2016-08-13,202,7,-70.0,810.0
1351,2016-08-14,203,7,-69.0,810.0
1350,2016-08-15,204,7,-69.0,811.0
1352,2016-08-16,204,7,-71.0,813.0
1353,2016-08-17,205,7,-70.0,818.0
1356,2016-08-18,205,7,-70.0,818.0
1355,2016-08-19,206,7,-71.0,823.0
1354,2016-08-20,207,7,-72.0,825.0
1357,2016-08-21,207,7,-71.0,821.0
1358,2016-08-22,208,7,-68.0,823.0
1360,2016-08-23,208,7,-71.0,828.0
1359,2016-08-24,209,7,-70.0,828.0
1361,2016-08-25,210,8,-74.0,828.0
1362,2016-08-26,210,8,-68.0,829.0
1363,2016-08-27,211,8,-69.0,831.0
1364,2016-08-28,212,8,-69.0,833.0
1365,2016-08-29,212,8,-69.0,836.0
1366,2016-08-30,213,8,-70.0,841.0
1367,2016-08-31,214,8,-74.0,841.0
1369,2016-09-01,214,8,-69.0,841.0
1368,2016-09-02,215,8,-71.0,841.0
1370,2016-09-03,215,8,-69.0,842.0
1371,2016-09-04,216,8,-71.0,842.0
1373,2016-09-06,217,8,-74.0,845.0
1372,2016-09-07,217,8,-73.0,850.0
1374,2016-09-08,218,8,-69.0,854.0
1377,2016-09-09,219,8,-70.0,858.0
1376,2016-09-10,219,8,-69.0,859.0
1375,2016-09-11,220,8,-69.0,860.0
1378,2016-09-12,220,8,-69.0,859.0
1379,2016-09-13,221,8,-71.0,861.0
1380,2016-09-14,222,8,-70.0,865.0
1382,2016-09-15,222,8,-69.0,870.0
1381,2016-09-16,223,8,-68.0,871.0
1383,2016-09-17,224,8,-68.0,871.0
1384,2016-09-18,224,8,-71.0,871.0
1385,2016-09-19,225,8,-68.0,870.0
1386,2016-09-20,226,8,-67.0,873.0
1387,2016-09-21,226,8,-69.0,877.0
1388,2016-09-22,227,8,-70.0,879.0
1389,2016-09-23,228,8,-72.0,881.0
1391,2016-09-24,228,8,-70.0,879.0
1392,2016-09-25,229,8,-71.0,880.0
1390,2016-09-26,229,8,-68.0,879.0
1393,2016-09-27,230,8,-67.0,881.0
1394,2016-09-28,231,8,-68.0,889.0
1396,2016-09-29,231,8,-72.0,890.0
1395,2016-09-30,232,8,-69.0,888.0
1397,2016-10-01,233,8,-72.0,888.0
1399,2016-10-02,233,8,-68.0,887.0
1398,2016-10-03,234,8,-66.0,890.0
1400,2016-10-04,235,8,-68.0,893.0
1401,2016-10-05,235,8,-70.0,893.0
1403,2016-10-06,236,8,-68.0,893.0
1402,2016-10-07,237,8,-68.0,892.0
1404,2016-10-08,237,8,-68.0,895.0
1405,2016-10-09,238,8,-71.0,899.0
1406,2016-10-10,239,8,-71.0,901.0
1407,2016-10-11,239,8,-68.0,901.0
1408,2016-10-12,240,9,-69.0,902.0
1410,2016-10-14,240,9,-68.0,903.0
1411,2016-10-15,241,9,-66.0,904.0
1409,2016-10-16,242,9,-69.0,906.0
1412,2016-10-17,242,9,-68.0,910.0
1413,2016-10-18,243,9,-70.0,905.0
1414,2016-10-19,244,9,-70.0,904.0
1416,2016-10-20,244,9,-71.0,903.0
1415,2016-10-21,245,9,-72.0,906.0
1417,2016-10-22,246,9,-68.0,909.0
1418,2016-10-23,246,9,-68.0,907.0
1419,2016-10-24,247,9,-69.0,903.0
1420,2016-10-25,248,9,-70.0,903.0
1421,2016-10-26,248,9,-69.0,903.0
1422,2016-10-27,249,9,-69.0,907.0
1424,2016-10-28,250,9,-70.0,909.0
1423,2016-10-29,250,9,-69.0,910.0
1425,2016-10-30,251,9,-69.0,906.0
1426,2016-10-31,252,9,-71.0,907.0
1427,2016-11-01,252,9,-70.0,907.0
1428,2016-11-02,253,9,-70.0,907.0
1430,2016-11-03,254,9,-70.0,910.0
1431,2016-11-04,254,9,-70.0,908.0
1429,2016-11-05,255,9,-77.0,908.0
1432,2016-11-06,255,9,-78.0,906.0
1433,2016-11-07,256,9,-74.0,907.0
1434,2016-11-08,257,9,-73.0,906.0
1435,2016-11-09,257,9,-76.0,906.0
1436,2016-11-10,258,9,-71.0,909.0
1437,2016-11-11,259,9,-76.0,911.0
1438,2016-11-12,259,9,-78.0,909.0
1440,2016-11-13,260,9,-72.0,906.0
1439,2016-11-14,261,9,-73.0,905.0
1441,2016-11-15,261,9,-71.0,905.0
1442,2016-11-16,262,9,-71.0,905.0
1443,2016-11-17,263,9,-77.0,905.0
1444,2016-11-18,263,9,-76.0,904.0
1445,2016-11-20,264,9,-74.0,902.0
1446,2016-11-21,265,9,-72.0,900.0
1449,2016-11-22,265,9,-71.0,900.0
1450,2016-11-23,266,9,-72.0,898.0
1451,2016-11-24,267,9,-73.0,900.0
1452,2016-11-25,267,9,-71.0,899.0
1447,2016-11-26,268,9,-76.0,900.0
1448,2016-11-27,268,9,-72.0,900.0
1453,2016-11-28,269,9,-72.0,896.0
1454,2016-11-29,270,10,-73.0,898.0
1455,2016-11-30,270,10,-73.0,900.0
1456,2016-12-01,271,10,-71.0,901.0
1458,2016-12-02,272,10,-74.0,900.0
1457,2016-12-03,272,10,-73.0,898.0
1459,2016-12-04,273,10,-74.0,896.0
1460,2016-12-05,274,10,-72.0,896.0
1461,2016-12-06,274,10,-76.0,895.0
1462,2016-12-07,275,10,-73.0,895.0
1464,2016-12-08,276,10,-74.0,896.0
1463,2016-12-09,276,10,-71.0,894.0
1465,2016-12-10,277,10,-73.0,891.0
1467,2016-12-11,277,10,-73.0,889.0
1466,2016-12-12,278,10,-75.0,887.0
1468,2016-12-13,279,10,-76.0,887.0
1469,2016-12-14,279,10,-76.0,887.0
1472,2016-12-15,280,10,-71.0,888.0
1471,2016-12-16,281,10,-71.0,886.0
1470,2016-12-17,281,10,-74.0,886.0
1474,2016-12-18,282,10,-77.0,884.0
1473,2016-12-19,283,10,-70.0,882.0
1477,2016-12-20,283,10,-71.0,883.0
1478,2016-12-21,284,10,-72.0,883.0
1475,2016-12-22,284,10,-70.0,883.0
1476,2016-12-23,285,10,-72.0,880.0
1484,2016-12-24,286,10,-76.0,879.0
1482,2016-12-25,286,10,-76.0,877.0
1485,2016-12-27,287,10,-77.0,877.0
1479,2016-12-28,288,10,-73.0,877.0
1483,2016-12-29,288,10,-75.0,879.0
1481,2016-12-30,289,10,-70.0,877.0
1480,2016-12-31,290,10,-72.0,874.0
1487,2017-01-01,290,10,-76.0,876.0
1486,2017-01-02,291,10,-70.0,872.0
1488,2017-01-03,291,10,-71.0,876.0
1492,2017-01-04,292,10,-70.0,873.0
1491,2017-01-05,293,10,-71.0,873.0
1490,2017-01-06,293,10,-70.0,873.0
1489,2017-01-07,294,10,-81.0,869.0
1493,2017-01-08,295,10,-74.0,872.0
1495,2017-01-09,295,10,-72.0,868.0
1494,2017-01-10,296,10,-73.0,871.0
1496,2017-01-11,296,10,-72.0,869.0
1498,2017-01-12,297,10,-72.0,866.0
1499,2017-01-13,298,10,-74.0,868.0
1500,2017-01-14,298,10,-73.0,862.0
1497,2017-01-15,299,10,-72.0,867.0
1501,2017-01-16,299,10,-72.0,862.0
1503,2017-01-17,300,11,-74.0,862.0
1502,2017-01-18,301,11,-75.0,862.0
1505,2017-01-19,301,11,-77.0,860.0
1506,2017-01-20,302,11,-76.0,864.0
1504,2017-01-21,303,11,-72.0,858.0
1508,2017-01-22,303,11,-73.0,860.0
1507,2017-01-23,304,11,-72.0,858.0
1510,2017-01-24,304,11,-72.0,857.0
1509,2017-01-25,305,11,-76.0,860.0
1512,2017-01-26,306,11,-73.0,852.0
1511,2017-01-27,306,11,-71.0,857.0
1513,2017-01-28,307,11,-72.0,852.0
1514,2017-01-29,307,11,-74.0,855.0
1515,2017-01-30,308,11,-71.0,855.0
1516,2017-01-31,309,11,-74.0,850.0
1517,2017-02-01,309,11,-73.0,855.0
1519,2017-02-03,310,11,-70.0,849.0
1518,2017-02-04,310,11,-72.0,853.0
1520,2017-02-05,311,11,-71.0,850.0
1522,2017-02-06,312,11,-71.0,853.0
1521,2017-02-07,312,11,-77.0,852.0
1523,2017-02-08,313,11,-76.0,847.0
1524,2017-02-09,313,11,-77.0,850.0
1526,2017-02-10,314,11,-73.0,846.0
1525,2017-02-11,315,11,-75.0,850.0
1528,2017-02-12,315,11,-77.0,846.0
1527,2017-02-13,316,11,-72.0,847.0
1529,2017-02-14,316,11,-71.0,847.0
1534,2017-02-18,319,11,-72.0,846.0
1533,2017-02-19,319,11,-73.0,837.0
1536,2017-02-20,320,11,-73.0,842.0
1535,2017-02-21,320,11,-73.0,848.0
1537,2017-02-22,321,11,-72.0,840.0
1540,2017-02-23,322,11,-71.0,845.0
1538,2017-02-24,322,11,-73.0,841.0
1539,2017-02-25,323,11,-70.0,844.0
1541,2017-02-26,323,11,-73.0,842.0
1542,2017-02-27,324,11,-71.0,841.0
1544,2017-02-28,324,11,-71.0,840.0
1543,2017-03-01,325,11,-72.0,837.0
1546,2017-03-02,326,11,-71.0,839.0
1545,2017-03-03,326,11,-71.0,839.0
1547,2017-03-04,327,11,-72.0,838.0
1549,2017-03-05,327,11,-71.0,839.0
1548,2017-03-06,328,11,-74.0,837.0
1551,2017-03-07,328,11,-77.0,838.0
1550,2017-03-08,329,11,-77.0,837.0
1552,2017-03-09,330,12,-72.0,836.0
1554,2017-03-10,330,12,-75.0,834.0
1553,2017-03-12,331,12,-72.0,834.0
1555,2017-03-13,331,12,-73.0,833.0
1556,2017-03-14,332,12,-72.0,834.0
1557,2017-03-15,332,12,-73.0,833.0
1559,2017-03-16,333,12,-73.0,833.0
1558,2017-03-17,334,12,-71.0,832.0
1561,2017-03-18,334,12,-72.0,832.0
1560,2017-03-19,335,12,-72.0,831.0
1564,2017-03-20,335,12,-72.0,829.0
1563,2017-03-21,336,12,-74.0,832.0
1562,2017-03-22,336,12,-74.0,832.0
1567,2017-03-23,337,12,-74.0,832.0
1565,2017-03-24,337,12,-74.0,831.0
1566,2017-03-25,338,12,-73.0,831.0
1568,2017-03-26,339,12,-73.0,830.0
1569,2017-03-27,339,12,-74.0,830.0
1570,2017-03-28,340,12,-75.0,833.0
1571,2017-03-29,340,12,-77.0,833.0
1572,2017-03-30,341,12,-76.0,834.0
1573,2017-03-31,341,12,-75.0,833.0
1575,2017-04-01,342,12,-75.0,829.0
1574,2017-04-02,342,12,-76.0,831.0
1576,2017-04-03,343,12,-75.0,832.0
1578,2017-04-04,343,12,-75.0,836.0
1577,2017-04-05,344,12,-77.0,835.0
1579,2017-04-06,345,12,-77.0,832.0
1581,2017-04-07,345,12,-74.0,832.0
1580,2017-04-08,346,12,-75.0,831.0
1583,2017-04-09,346,12,-75.0,831.0
1584,2017-04-10,347,12,-74.0,832.0
1586,2017-04-11,347,12,-74.0,832.0
1585,2017-04-12,348,12,-76.0,833.0
1582,2017-04-13,348,12,-76.0,834.0
1588,2017-04-14,349,12,-76.0,833.0
1587,2017-04-15,349,12,-77.0,831.0
1589,2017-04-16,350,12,-74.0,833.0
1590,2017-04-18,350,12,-76.0,834.0
1591,2017-04-19,351,12,-76.0,832.0
1592,2017-04-20,351,12,-74.0,833.0
1594,2017-04-21,352,12,-75.0,836.0
1593,2017-04-22,352,12,-75.0,835.0
1595,2017-04-23,353,12,-75.0,835.0
1596,2017-04-24,354,12,-76.0,837.0
1597,2017-04-25,354,12,-74.0,835.0
1598,2017-04-26,355,12,-74.0,836.0
1599,2017-04-27,355,12,-75.0,836.0
1601,2017-04-28,356,12,-74.0,835.0
1602,2017-04-29,356,12,-74.0,837.0
1603,2017-04-30,357,12,-76.0,839.0
1600,2017-05-01,357,12,-75.0,837.0
1604,2017-05-02,358,12,-75.0,837.0
1605,2017-05-03,358,12,-77.0,838.0
1607,2017-05-04,359,12,-75.0,838.0
1608,2017-05-05,359,12,-75.0,838.0
1606,2017-05-06,0,1,-76.0,840.0
1610,2017-05-07,0,1,-75.0,840.0
1609,2017-05-08,1,1,-76.0,840.0
1614,2017-05-10,2,1,-62.0,820.0
1612,2017-05-11,2,1,-76.0,840.0
1613,2017-05-12,3,1,-76.0,840.0
1611,2017-05-13,3,1,-77.0,840.0
1615,2017-05-14,4,1,-75.0,841.0
1616,2017-05-15,4,1,-77.0,841.0
1618,2017-05-16,5,1,-77.0,842.0
1617,2017-05-17,5,1,-76.0,843.0
1619,2017-05-18,6,1,-76.0,842.0
1620,2017-05-19,6,1,-76.0,841.0
1621,2017-05-20,7,1,-75.0,842.0
1622,2017-05-21,7,1,-76.0,843.0
1625,2017-05-22,8,1,-77.0,844.0
1623,2017-05-23,8,1,-76.0,845.0
1624,2017-05-24,9,1,-77.0,845.0
1627,2017-05-26,9,1,-77.0,846.0
1626,2017-05-27,10,1,-76.0,846.0
1628,2017-05-28,10,1,-76.0,847.0
1629,2017-05-29,11,1,-76.0,848.0
1631,2017-05-30,11,1,-75.0,848.0
1630,2017-05-31,12,1,-77.0,849.0
1635,2017-06-01,12,1,-75.0,850.0
1633,2017-06-02,13,1,-77.0,849.0
1634,2017-06-03,13,1,-77.0,851.0
1632,2017-06-04,14,1,-76.0,850.0
1636,2017-06-05,14,1,-76.0,851.0
1637,2017-06-06,15,1,-77.0,852.0
1639,2017-06-07,15,1,-77.0,853.0
1638,2017-06-08,16,1,-76.0,853.0
1641,2017-06-09,16,1,-76.0,852.0
1640,2017-06-10,17,1,-77.0,854.0
1642,2017-06-11,17,1,-76.0,854.0
1643,2017-06-12,18,1,-77.0,856.0
1644,2017-06-13,18,1,-79.0,857.0
1645,2017-06-14,19,1,-76.0,855.0
1647,2017-06-15,19,1,-75.0,855.0
1648,2017-06-16,20,1,-76.0,855.0
1646,2017-06-17,20,1,-76.0,858.0
1650,2017-06-18,21,1,-77.0,858.0
1649,2017-06-19,21,1,-78.0,857.0
1651,2017-06-20,22,1,-78.0,858.0
1652,2017-06-21,22,1,-77.0,859.0
1655,2017-06-22,23,1,-78.0,859.0
1653,2017-06-23,23,1,-78.0,861.0
1654,2017-06-24,23,1,-77.0,860.0
1656,2017-06-25,24,1,-78.0,861.0
1657,2017-06-26,24,1,-78.0,861.0
1658,2017-06-27,25,1,-77.0,861.0
1662,2017-06-28,25,1,-78.0,861.0
1659,2017-06-29,26,1,-78.0,863.0
1661,2017-06-30,26,1,-77.0,865.0
1660,2017-07-02,27,1,-78.0,863.0
1663,2017-07-03,27,1,-78.0,863.0
1664,2017-07-04,28,1,-78.0,865.0
1665,2017-07-05,28,1,-76.0,866.0
1666,2017-07-06,29,1,-79.0,866.0
1668,2017-07-07,29,1,-79.0,867.0
1667,2017-07-08,30,2,-76.0,867.0
1669,2017-07-09,30,2,-77.0,867.0
1670,2017-07-10,31,2,-78.0,867.0
1671,2017-07-11,31,2,-80.0,867.0
1672,2017-07-12,32,2,-76.0,868.0
1673,2017-07-13,32,2,-78.0,870.0
1674,2017-07-14,32,2,-77.0,870.0
1675,2017-07-15,33,2,-78.0,871.0
1676,2017-07-16,33,2,-78.0,871.0
1677,2017-07-17,34,2,-78.0,871.0
1678,2017-07-18,34,2,-77.0,871.0
1679,2017-07-19,35,2,-78.0,872.0
1684,2017-07-20,35,2,-77.0,872.0
1687,2017-07-21,36,2,-77.0,872.0
1680,2017-07-22,36,2,-78.0,873.0
1682,2017-07-23,37,2,-79.0,872.0
1690,2017-07-24,37,2,-77.0,873.0
1688,2017-07-25,38,2,-79.0,873.0
1691,2017-07-26,38,2,-77.0,874.0
1683,2017-07-27,39,2,-78.0,875.0
1689,2017-07-28,39,2,-76.0,875.0
1686,2017-07-29,39,2,-79.0,875.0
1692,2017-07-30,40,2,-79.0,876.0
1681,2017-07-31,40,2,-78.0,876.0
1685,2017-08-01,41,2,-78.0,876.0
1693,2017-08-02,41,2,-79.0,877.0
1694,2017-08-03,42,2,-80.0,877.0
1696,2017-08-04,42,2,-79.0,877.0
1695,2017-08-05,43,2,-79.0,877.0
1697,2017-08-06,43,2,-81.0,877.0
1698,2017-08-07,44,2,-78.0,878.0
1699,2017-08-09,44,2,-77.0,879.0
1700,2017-08-10,45,2,-78.0,879.0
1701,2017-08-11,45,2,-78.0,878.0
1703,2017-08-12,45,2,-79.0,879.0
1702,2017-08-13,46,2,-80.0,883.0
1704,2017-08-14,46,2,-77.0,881.0
1705,2017-08-16,47,2,-79.0,881.0
1706,2017-08-17,48,2,-79.0,881.0
1708,2017-08-18,48,2,-79.0,881.0
1707,2017-08-19,49,2,-81.0,882.0
1709,2017-08-20,49,2,-79.0,882.0
1710,2017-08-21,50,2,-80.0,883.0
1711,2017-08-22,50,2,-80.0,883.0
1712,2017-08-23,50,2,-80.0,883.0
1714,2017-08-24,51,2,-81.0,882.0
1715,2017-08-25,51,2,-80.0,883.0
1713,2017-08-26,52,2,-79.0,884.0
1716,2017-08-27,52,2,-79.0,883.0
1717,2017-08-28,53,2,-78.0,883.0
1718,2017-08-29,53,2,-80.0,883.0
1719,2017-08-30,54,2,-80.0,882.0
1722,2017-08-31,54,2,-79.0,882.0
1723,2017-09-01,55,2,-78.0,882.0
1720,2017-09-02,55,2,-78.0,883.0
1721,2017-09-03,55,2,-78.0,883.0
1724,2017-09-04,56,2,-80.0,884.0
1725,2017-09-05,56,2,-78.0,884.0
1726,2017-09-06,57,2,-79.0,884.0
1728,2017-09-07,57,2,-80.0,884.0
1729,2017-09-08,58,2,-78.0,883.0
1727,2017-09-09,58,2,-79.0,882.0
1730,2017-09-10,59,2,-79.0,882.0
1731,2017-09-11,59,2,-80.0,881.0
1732,2017-09-12,59,2,-80.0,881.0
1733,2017-09-13,60,3,-81.0,881.0
1734,2017-09-15,60,3,-82.0,882.0
1735,2017-09-16,61,3,-80.0,882.0
1736,2017-09-17,61,3,-81.0,881.0
1737,2017-09-18,62,3,-82.0,880.0
1738,2017-09-19,62,3,-79.0,881.0
1740,2017-09-20,63,3,-81.0,882.0
1739,2017-09-21,63,3,-78.0,881.0
1743,2017-09-22,64,3,-80.0,879.0
1742,2017-09-23,64,3,-80.0,879.0
1741,2017-09-24,64,3,-80.0,878.0
1744,2017-09-25,65,3,-80.0,878.0
1745,2017-09-26,65,3,-80.0,879.0
1746,2017-09-27,66,3,-80.0,878.0
1749,2017-09-28,66,3,-78.0,877.0
1748,2017-09-29,67,3,-80.0,877.0
1747,2017-09-30,67,3,-80.0,876.0
1750,2017-10-01,68,3,-84.0,875.0
1751,2017-10-02,68,3,-81.0,875.0
1752,2017-10-03,68,3,-80.0,875.0
1753,2017-10-04,69,3,-80.0,873.0
1755,2017-10-05,69,3,-81.0,873.0
1756,2017-10-06,70,3,-81.0,872.0
1754,2017-10-07,70,3,-79.0,872.0
1757,2017-10-08,71,3,-80.0,872.0
1758,2017-10-09,71,3,-77.0,871.0
1759,2017-10-10,72,3,-77.0,870.0
1761,2017-10-11,72,3,-79.0,869.0
1760,2017-10-12,72,3,-80.0,869.0
1762,2017-10-13,73,3,-81.0,869.0
1763,2017-10-14,73,3,-80.0,868.0
1765,2017-10-15,74,3,-80.0,868.0
1764,2017-10-16,74,3,-80.0,866.0
1766,2017-10-17,75,3,-80.0,865.0
1770,2017-10-18,75,3,-80.0,864.0
1768,2017-10-19,76,3,-80.0,864.0
1767,2017-10-20,76,3,-87.0,864.0
1769,2017-10-22,77,3,-80.0,863.0
1771,2017-10-23,77,3,-80.0,862.0
1772,2017-10-24,77,3,-80.0,861.0
1773,2017-10-25,78,3,-78.0,861.0
1774,2017-10-26,78,3,-80.0,859.0
1776,2017-10-27,79,3,-80.0,858.0
1775,2017-10-28,79,3,-81.0,857.0
1779,2017-10-29,80,3,-79.0,857.0
1778,2017-10-30,80,3,-80.0,857.0
1780,2017-10-31,81,3,-79.0,855.0
1777,2017-11-01,81,3,-81.0,854.0
1781,2017-11-02,81,3,-80.0,853.0
1782,2017-11-03,82,3,-82.0,852.0
1783,2017-11-04,82,3,-80.0,852.0
1785,2017-11-05,83,3,-80.0,850.0
1784,2017-11-06,83,3,-78.0,848.0
1786,2017-11-07,84,3,-80.0,848.0
1787,2017-11-08,84,3,-81.0,846.0
1788,2017-11-09,85,3,-81.0,845.0
1789,2017-11-10,85,3,-80.0,844.0
1791,2017-11-11,86,3,-79.0,843.0
1790,2017-11-12,86,3,-79.0,842.0
1792,2017-11-13,86,3,-80.0,840.0
1793,2017-11-14,87,3,-79.0,839.0
1794,2017-11-15,87,3,-79.0,838.0
1797,2017-11-16,88,3,-79.0,837.0
1795,2017-11-17,88,3,-79.0,835.0
1796,2017-11-18,89,3,-79.0,834.0
1798,2017-11-19,89,3,-79.0,833.0
1803,2017-11-20,90,4,-79.0,832.0
1801,2017-11-21,90,4,-78.0,831.0
1800,2017-11-22,91,4,-78.0,830.0
1799,2017-11-23,91,4,-79.0,829.0
1804,2017-11-24,91,4,-79.0,827.0
1805,2017-11-25,92,4,-79.0,826.0
1802,2017-11-26,92,4,-79.0,824.0
1807,2017-11-27,93,4,-79.0,823.0
1806,2017-11-29,93,4,-80.0,822.0
1808,2017-11-30,94,4,-79.0,821.0
1810,2017-12-01,94,4,-80.0,819.0
1809,2017-12-02,95,4,-81.0,817.0
1812,2017-12-03,95,4,-79.0,816.0
1811,2017-12-04,96,4,-79.0,815.0
1814,2017-12-05,96,4,-78.0,814.0
1813,2017-12-06,96,4,-79.0,812.0
1817,2017-12-07,97,4,-80.0,811.0
1816,2017-12-08,97,4,-81.0,810.0
1815,2017-12-09,98,4,-81.0,808.0
1818,2017-12-10,98,4,-81.0,807.0
1819,2017-12-11,99,4,-81.0,806.0
1820,2017-12-12,99,4,-79.0,804.0
1821,2017-12-13,100,4,-78.0,803.0
1822,2017-12-14,100,4,-79.0,801.0
1823,2017-12-15,101,4,-80.0,800.0
1824,2017-12-16,101,4,-79.0,799.0
1825,2017-12-17,101,4,-79.0,798.0
1826,2017-12-18,102,4,-79.0,796.0
1827,2017-12-19,102,4,-80.0,795.0
1828,2017-12-20,103,4,-80.0,794.0
1833,2017-12-21,103,4,-79.0,792.0
1832,2017-12-22,104,4,-80.0,791.0
1830,2017-12-23,104,4,-79.0,791.0
1834,2017-12-24,105,4,-78.0,790.0
1835,2017-12-25,105,4,-78.0,788.0
1829,2017-12-26,106,4,-79.0,787.0
1831,2017-12-27,106,4,-80.0,786.0
1839,2017-12-28,107,4,-77.0,784.0
1836,2017-12-29,107,4,-77.0,783.0
1837,2017-12-30,108,4,-77.0,782.0
1838,2017-12-31,108,4,-78.0,781.0
1840,2018-01-01,108,4,-79.0,780.0
1842,2018-01-02,109,4,-77.0,778.0
1841,2018-01-03,109,4,-78.0,777.0
1844,2018-01-05,110,4,-79.0,777.0
1843,2018-01-06,110,4,-80.0,775.0
1845,2018-01-07,111,4,-79.0,774.0
1847,2018-01-08,111,4,-78.0,773.0
1846,2018-01-09,112,4,-79.0,771.0
1848,2018-01-10,112,4,-79.0,770.0
1849,2018-01-11,113,4,-79.0,770.0
1850,2018-01-12,113,4,-79.0,768.0
1852,2018-01-13,114,4,-78.0,767.0
1851,2018-01-14,114,4,-79.0,766.0
1853,2018-01-15,115,4,-80.0,765.0
1855,2018-01-16,115,4,-79.0,764.0
1854,2018-01-17,116,4,-80.0,763.0
1859,2018-01-18,116,4,-78.0,762.0
1857,2018-01-19,116,4,-78.0,760.0
1858,2018-01-20,117,4,-77.0,759.0
1856,2018-01-21,117,4,-77.0,758.0
1860,2018-01-22,118,4,-78.0,757.0
1863,2018-01-23,118,4,-78.0,756.0
1861,2018-01-24,119,4,-80.0,755.0
1862,2018-01-25,119,4,-78.0,754.0
1864,2018-01-26,120,5,-79.0,753.0
1865,2018-01-27,120,5,-78.0,751.0
1866,2018-01-28,121,5,-78.0,752.0
1867,2018-01-29,121,5,-78.0,751.0
1868,2018-01-30,122,5,-79.0,750.0
1869,2018-01-31,122,5,-77.0,749.0
1871,2018-02-01,123,5,-80.0,748.0
1870,2018-02-02,123,5,-78.0,747.0
1872,2018-02-03,124,5,-77.0,745.0
1873,2018-02-04,124,5,-77.0,745.0
1879,2018-02-05,125,5,-79.0,744.0
1875,2018-02-06,125,5,-77.0,742.0
1874,2018-02-07,126,5,-77.0,741.0
1878,2018-02-08,126,5,-78.0,740.0
1876,2018-02-09,127,5,-78.0,740.0
1877,2018-02-11,127,5,-77.0,740.0
1880,2018-02-12,128,5,-78.0,738.0
1881,2018-02-13,128,5,-77.0,737.0
1882,2018-02-14,129,5,-76.0,736.0
1883,2018-02-15,129,5,-76.0,735.0
1884,2018-02-16,130,5,-77.0,735.0
1885,2018-02-17,130,5,-76.0,734.0
1886,2018-02-18,131,5,-76.0,732.0
1887,2018-02-19,131,5,-76.0,732.0
1888,2018-02-20,132,5,-77.0,731.0
1890,2018-02-21,132,5,-78.0,731.0
1891,2018-02-22,133,5,-78.0,730.0
1889,2018-02-23,133,5,-78.0,730.0
1892,2018-02-24,134,5,-77.0,729.0
1894,2018-02-25,134,5,-76.0,729.0
1893,2018-02-26,135,5,-77.0,728.0
1895,2018-02-27,135,5,-77.0,727.0
